split,midi_filename,duration,era
train,2017/MIDI-Unprocessed_066_PIANO066_MID--AUDIO-split_07-07-17_Piano-e_3-02_wav--3.midi,464.649432608,modern
train,2004/MIDI-Unprocessed_XP_21_R1_2004_01_ORIG_MID--AUDIO_21_R1_2004_01_Track01_wav.midi,872.640588096,post-romantic
validation,2006/MIDI-Unprocessed_17_R1_2006_01-06_ORIG_MID--AUDIO_17_R1_2006_04_Track04_wav.midi,397.857508125,romantic
validation,2009/MIDI-Unprocessed_07_R1_2009_04-05_ORIG_MID--AUDIO_07_R1_2009_07_R1_2009_04_WAV.midi,400.557825938,romantic
train,2013/ORIG-MIDI_03_7_8_13_Group__MID--AUDIO_19_R2_2013_wav--3.midi,563.904350625,romantic
validation,2009/MIDI-Unprocessed_02_R1_2009_03-06_ORIG_MID--AUDIO_02_R1_2009_02_R1_2009_05_WAV.midi,167.085837188,romantic
train,2011/MIDI-Unprocessed_15_R1_2011_MID--AUDIO_R1-D6_09_Track09_wav.midi,102.007109531,romantic
train,2013/ORIG-MIDI_02_7_10_13_Group_MID--AUDIO_11_R3_2013_wav--3.midi,512.164284844,romantic
train,2011/MIDI-Unprocessed_09_R1_2011_MID--AUDIO_R1-D3_15_Track15_wav.midi,476.806414219,romantic
train,2014/MIDI-UNPROCESSED_14-15_R1_2014_MID--AUDIO_15_R1_2014_wav--5.midi,486.857152031,romantic
train,2008/MIDI-Unprocessed_01_R1_2008_01-04_ORIG_MID--AUDIO_01_R1_2008_wav--3.midi,463.605305625,post-romantic
train,2006/MIDI-Unprocessed_12_R1_2006_01-08_ORIG_MID--AUDIO_12_R1_2006_02_Track02_wav.midi,613.737367031,romantic
train,2018/MIDI-Unprocessed_Recital17-19_MID--AUDIO_18_R1_2018_wav--2.midi,685.005992344,romantic
train,2017/MIDI-Unprocessed_079_PIANO079_MID--AUDIO-split_07-09-17_Piano-e_1-04_wav--4.midi,661.909149792,romantic
train,2018/MIDI-Unprocessed_Chamber6_MID--AUDIO_20_R3_2018_wav--2.midi,1117.95828375,romantic
validation,2013/ORIG-MIDI_01_7_6_13_Group__MID--AUDIO_03_R1_2013_wav--4.midi,440.110403906,modern
train,2004/MIDI-Unprocessed_SMF_07_R1_2004_01_ORIG_MID--AUDIO_07_R1_2004_12_Track12_wav.midi,659.835660317,romantic
train,2014/MIDI-UNPROCESSED_21-22_R1_2014_MID--AUDIO_22_R1_2014_wav--4.midi,644.840434219,romantic
test,2006/MIDI-Unprocessed_24_R1_2006_01-05_ORIG_MID--AUDIO_24_R1_2006_03_Track03_wav.midi,426.268270313,romantic
test,2009/MIDI-Unprocessed_11_R1_2009_06-09_ORIG_MID--AUDIO_11_R1_2009_11_R1_2009_08_WAV.midi,520.139704219,romantic
test,2018/MIDI-Unprocessed_Recital13-15_MID--AUDIO_15_R1_2018_wav--1.midi,520.215825937,romantic
validation,2014/MIDI-UNPROCESSED_14-15_R1_2014_MID--AUDIO_15_R1_2014_wav--4.midi,319.910203594,romantic
train,2009/MIDI-Unprocessed_09_R1_2009_01-04_ORIG_MID--AUDIO_09_R1_2009_09_R1_2009_01_WAV.midi,232.765525781,baroque
train,2008/MIDI-Unprocessed_10_R3_2008_01-05_ORIG_MID--AUDIO_10_R3_2008_wav--3.midi,193.30108875,classical
train,2015/MIDI-Unprocessed_R1_D1-1-8_mid--AUDIO-from_mp3_02_R1_2015_wav--3.midi,482.755208333,romantic
train,2006/MIDI-Unprocessed_01_R1_2006_01-09_ORIG_MID--AUDIO_01_R1_2006_03_Track03_wav.midi,984.527594531,impressionist
train,2009/MIDI-Unprocessed_11_R1_2009_01-05_ORIG_MID--AUDIO_11_R1_2009_11_R1_2009_02_WAV.midi,274.671199688,modern
test,2009/MIDI-Unprocessed_11_R1_2009_01-05_ORIG_MID--AUDIO_11_R1_2009_11_R1_2009_04_WAV.midi,270.703522031,impressionist
train,2009/MIDI-Unprocessed_11_R1_2009_01-05_ORIG_MID--AUDIO_11_R1_2009_11_R1_2009_03_WAV.midi,90.9961696875,impressionist
train,2006/MIDI-Unprocessed_18_R1_2006_01-05_ORIG_MID--AUDIO_18_R1_2006_02_Track02_wav.midi,242.578550156,impressionist
train,2014/MIDI-UNPROCESSED_09-10_R1_2014_MID--AUDIO_10_R1_2014_wav--4.midi,903.260314687,modern
train,2006/MIDI-Unprocessed_24_R1_2006_01-05_ORIG_MID--AUDIO_24_R1_2006_02_Track02_wav.midi,679.697504063,impressionist
train,2009/MIDI-Unprocessed_15_R1_2009_03-06_ORIG_MID--AUDIO_15_R1_2009_15_R1_2009_03_WAV.midi,924.171084375,impressionist
train,2018/MIDI-Unprocessed_Recital20_MID--AUDIO_20_R1_2018_wav--3.midi,845.710959844,impressionist
test,2011/MIDI-Unprocessed_04_R3_2011_MID--AUDIO_R3-D2_05_Track05_wav.midi,207.262079062,impressionist
train,2011/MIDI-Unprocessed_15_R1_2011_MID--AUDIO_R1-D6_10_Track10_wav.midi,329.560300781,impressionist
train,2017/MIDI-Unprocessed_071_PIANO071_MID--AUDIO-split_07-08-17_Piano-e_1-04_wav--4.midi,346.025013871,impressionist
train,2018/MIDI-Unprocessed_Recital1-3_MID--AUDIO_02_R1_2018_wav--4.midi,349.685814844,impressionist
train,2008/MIDI-Unprocessed_10_R3_2008_01-05_ORIG_MID--AUDIO_10_R3_2008_wav--2.midi,176.46349875,impressionist
test,2008/MIDI-Unprocessed_05_R1_2008_01-04_ORIG_MID--AUDIO_05_R1_2008_wav--3.midi,345.819632813,romantic
test,2015/MIDI-Unprocessed_R2_D2-12-13-15_mid--AUDIO-from_mp3_12_R2_2015_wav--3.midi,738.958333333,modern
train,2014/MIDI-UNPROCESSED_06-08_R1_2014_MID--AUDIO_07_R1_2014_wav--5.midi,257.919079688,modern
train,2004/MIDI-Unprocessed_SMF_12_01_2004_01-05_ORIG_MID--AUDIO_12_R1_2004_09_Track09_wav.midi,260.039831171,modern
train,2014/MIDI-UNPROCESSED_06-08_R1_2014_MID--AUDIO_08_R1_2014_wav--2.midi,2463.4804425,modern
test,2006/MIDI-Unprocessed_03_R1_2006_01-05_ORIG_MID--AUDIO_03_R1_2006_04_Track04_wav.midi,942.903704531,modern
validation,2018/MIDI-Unprocessed_Recital9-11_MID--AUDIO_10_R1_2018_wav--5.midi,1021.9006875,romantic
train,2014/MIDI-UNPROCESSED_16-18_R1_2014_MID--AUDIO_16_R1_2014_wav--3.midi,706.374827813,romantic
train,2008/MIDI-Unprocessed_09_R3_2008_01-07_ORIG_MID--AUDIO_09_R3_2008_wav--3.midi,121.187111719,baroque
test,2008/MIDI-Unprocessed_09_R3_2008_01-07_ORIG_MID--AUDIO_09_R3_2008_wav--2.midi,65.9481178125,baroque
test,2008/MIDI-Unprocessed_09_R3_2008_01-07_ORIG_MID--AUDIO_09_R3_2008_wav--1.midi,205.774366875,baroque
test,2014/MIDI-UNPROCESSED_01-03_R1_2014_MID--AUDIO_01_R1_2014_wav--2.midi,146.682545625,baroque
train,2009/MIDI-Unprocessed_14_R1_2009_01-05_ORIG_MID--AUDIO_14_R1_2009_14_R1_2009_04_WAV.midi,298.063270313,baroque
train,2009/MIDI-Unprocessed_01_R1_2009_01-04_ORIG_MID--AUDIO_01_R1_2009_01_R1_2009_01_WAV.midi,95.0212725,baroque
train,2014/MIDI-UNPROCESSED_11-13_R1_2014_MID--AUDIO_13_R1_2014_wav--1.midi,317.398186875,baroque
train,2009/MIDI-Unprocessed_09_R1_2009_01-04_ORIG_MID--AUDIO_09_R1_2009_09_R1_2009_02_WAV.midi,167.319544219,baroque
test,2014/MIDI-UNPROCESSED_19-21_R3_2014_MID--AUDIO_21_R3_2014_wav--1.midi,241.6877925,baroque
train,2009/MIDI-Unprocessed_14_R1_2009_01-05_ORIG_MID--AUDIO_14_R1_2009_14_R1_2009_03_WAV.midi,132.728232656,classical
train,2014/MIDI-UNPROCESSED_09-10_R1_2014_MID--AUDIO_10_R1_2014_wav--2.midi,174.2092275,baroque
train,2014/MIDI-UNPROCESSED_09-10_R1_2014_MID--AUDIO_10_R1_2014_wav--1.midi,79.7421745313,baroque
test,2014/MIDI-UNPROCESSED_01-03_R1_2014_MID--AUDIO_01_R1_2014_wav--1.midi,136.679884688,baroque
train,2009/MIDI-Unprocessed_01_R1_2009_01-04_ORIG_MID--AUDIO_01_R1_2009_01_R1_2009_02_WAV.midi,136.354030313,baroque
train,2014/MIDI-UNPROCESSED_19-21_R3_2014_MID--AUDIO_21_R3_2014_wav--2.midi,205.845146719,baroque
train,2014/MIDI-UNPROCESSED_11-13_R1_2014_MID--AUDIO_13_R1_2014_wav--2.midi,170.509979063,baroque
train,2009/MIDI-Unprocessed_02_R1_2009_01-02_ORIG_MID--AUDIO_02_R1_2009_02_R1_2009_01_WAV.midi,788.930835,classical
test,2008/MIDI-Unprocessed_10_R2_2008_01-05_ORIG_MID--AUDIO_10_R2_2008_wav--2.midi,138.765886875,baroque
test,2018/MIDI-Unprocessed_Recital17-19_MID--AUDIO_18_R1_2018_wav--3.midi,140.121387656,baroque
train,2014/MIDI-UNPROCESSED_04-05_R1_2014_MID--AUDIO_04_R1_2014_wav--1.midi,139.008942187,baroque
train,2014/MIDI-UNPROCESSED_11-13_R1_2014_MID--AUDIO_11_R1_2014_wav--2.midi,201.390022969,baroque
test,2018/MIDI-Unprocessed_Recital9-11_MID--AUDIO_09_R1_2018_wav--5.midi,214.695298125,baroque
test,2014/MIDI-UNPROCESSED_11-13_R1_2014_MID--AUDIO_11_R1_2014_wav--1.midi,217.822965937,baroque
test,2008/MIDI-Unprocessed_10_R2_2008_01-05_ORIG_MID--AUDIO_10_R2_2008_wav--1.midi,95.9707907813,baroque
test,2017/MIDI-Unprocessed_083_PIANO083_MID--AUDIO-split_07-09-17_Piano-e_2_-06_wav--1.midi,239.784081463,baroque
train,2009/MIDI-Unprocessed_14_R1_2009_01-05_ORIG_MID--AUDIO_14_R1_2009_14_R1_2009_05_WAV.midi,143.520155625,baroque
train,2017/MIDI-Unprocessed_083_PIANO083_MID--AUDIO-split_07-09-17_Piano-e_2_-06_wav--2.midi,96.3852114708,baroque
test,2004/MIDI-Unprocessed_XP_04_R1_2004_03-05_ORIG_MID--AUDIO_04_R1_2004_06_Track06_wav.midi,196.015447394,modern
train,2014/MIDI-UNPROCESSED_21-22_R1_2014_MID--AUDIO_21_R1_2014_wav--1.midi,111.434183437,baroque
train,2014/MIDI-UNPROCESSED_21-22_R1_2014_MID--AUDIO_21_R1_2014_wav--2.midi,75.8452767188,romantic
validation,2008/MIDI-Unprocessed_02_R1_2008_01-05_ORIG_MID--AUDIO_02_R1_2008_wav--3.midi,76.0442615625,romantic
test,2017/MIDI-Unprocessed_059_PIANO059_MID--AUDIO-split_07-07-17_Piano-e_2-03_wav--4.midi,661.205093412,romantic
validation,2011/MIDI-Unprocessed_16_R1_2011_MID--AUDIO_R1-D6_15_Track15_wav.midi,359.457439688,romantic
train,2017/MIDI-Unprocessed_083_PIANO083_MID--AUDIO-split_07-09-17_Piano-e_2_-06_wav--4.midi,632.121902587,romantic
train,2011/MIDI-Unprocessed_23_R3_2011_MID--AUDIO_R3-D8_05_Track05_wav.midi,706.74074625,romantic
train,2008/MIDI-Unprocessed_07_R3_2008_01-05_ORIG_MID--AUDIO_07_R3_2008_wav--2.midi,690.980879531,romantic
train,2015/MIDI-Unprocessed_R2_D2-12-13-15_mid--AUDIO-from_mp3_15_R2_2015_wav--2.midi,709.402083333,romantic
train,2008/MIDI-Unprocessed_18_R1_2008_01-04_ORIG_MID--AUDIO_18_R1_2008_wav--4.midi,269.971685156,romantic
test,2013/ORIG-MIDI_02_7_6_13_Group__MID--AUDIO_08_R1_2013_wav--4.midi,219.655229063,romantic
train,2013/ORIG-MIDI_03_7_8_13_Group__MID--AUDIO_15_R2_2013_wav--2.midi,741.736704844,romantic
train,2011/MIDI-Unprocessed_16_R2_2011_MID--AUDIO_R2-D4_08_Track08_wav.midi,821.002117031,romantic
test,2008/MIDI-Unprocessed_14_R1_2008_01-05_ORIG_MID--AUDIO_14_R1_2008_wav--3.midi,168.182257031,romantic
train,2008/MIDI-Unprocessed_11_R2_2008_01-05_ORIG_MID--AUDIO_11_R2_2008_wav--5.midi,376.477988906,romantic
test,2013/ORIG-MIDI_02_7_6_13_Group__MID--AUDIO_08_R1_2013_wav--5.midi,161.806729219,romantic
train,2009/MIDI-Unprocessed_11_R1_2009_06-09_ORIG_MID--AUDIO_11_R1_2009_11_R1_2009_09_WAV.midi,984.984324844,romantic
validation,2008/MIDI-Unprocessed_15_R2_2008_01-04_ORIG_MID--AUDIO_15_R2_2008_wav--4.midi,630.147607031,romantic
train,2018/MIDI-Unprocessed_Recital1-3_MID--AUDIO_01_R1_2018_wav--3.midi,1610.85576094,romantic
train,2015/MIDI-Unprocessed_R1_D1-1-8_mid--AUDIO-from_mp3_02_R1_2015_wav--6.midi,276.421875,romantic
train,2015/MIDI-Unprocessed_R1_D1-9-12_mid--AUDIO-from_mp3_12_R1_2015_wav--5.midi,262.686458333,romantic
validation,2009/MIDI-Unprocessed_12_R1_2009_03-05_ORIG_MID--AUDIO_12_R1_2009_12_R1_2009_05_WAV.midi,608.523697031,romantic
train,2011/MIDI-Unprocessed_23_R2_2011_MID--AUDIO_R2-D6_04_Track04_wav.midi,334.736577656,romantic
validation,2011/MIDI-Unprocessed_03_R1_2011_MID--AUDIO_R1-D1_19_Track19_wav.midi,566.314871719,romantic
validation,2011/MIDI-Unprocessed_10_R1_2011_MID--AUDIO_R1-D4_05_Track05_wav.midi,507.396661406,romantic
validation,2013/ORIG-MIDI_01_7_8_13_Group__MID--AUDIO_02_R2_2013_wav--5.midi,313.966032187,romantic
validation,2015/MIDI-Unprocessed_R1_D1-1-8_mid--AUDIO-from_mp3_03_R1_2015_wav--4.midi,539.083333333,romantic
train,2017/MIDI-Unprocessed_081_PIANO081_MID--AUDIO-split_07-09-17_Piano-e_2_-02_wav--4.midi,386.800455096,romantic
test,2008/MIDI-Unprocessed_04_R1_2008_01-04_ORIG_MID--AUDIO_04_R1_2008_wav--4.midi,632.172177656,romantic
test,2015/MIDI-Unprocessed_R2_D2-12-13-15_mid--AUDIO-from_mp3_13_R2_2015_wav--4.midi,645.111458333,romantic
validation,2004/MIDI-Unprocessed_XP_11_R1_2004_03-04_ORIG_MID--AUDIO_11_R1_2004_04_Track04_wav.midi,569.204517423,romantic
train,2006/MIDI-Unprocessed_02_R1_2006_01-04_ORIG_MID--AUDIO_02_R1_2006_03_Track03_wav.midi,670.279778437,romantic
train,2013/ORIG-MIDI_02_7_8_13_Group__MID--AUDIO_11_R2_2013_wav--3.midi,662.270972344,romantic
train,2014/MIDI-UNPROCESSED_21-22_R1_2014_MID--AUDIO_21_R1_2014_wav--4.midi,682.626187031,romantic
train,2008/MIDI-Unprocessed_03_R2_2008_01-03_ORIG_MID--AUDIO_03_R2_2008_wav--3.midi,637.078689844,romantic
train,2017/MIDI-Unprocessed_067_PIANO067_MID--AUDIO-split_07-07-17_Piano-e_3-03_wav--4.midi,421.584472688,romantic
train,2008/MIDI-Unprocessed_02_R1_2008_01-05_ORIG_MID--AUDIO_02_R1_2008_wav--4.midi,468.594616875,romantic
train,2008/MIDI-Unprocessed_08_R3_2008_01-05_ORIG_MID--AUDIO_08_R3_2008_wav--2.midi,750.80053125,romantic
train,2011/MIDI-Unprocessed_25_R3_2011_MID--AUDIO_R3-D9_06_Track06_wav.midi,774.292762031,romantic
train,2013/ORIG-MIDI_02_7_10_13_Group_MID--AUDIO_12_R3_2013_wav--4.midi,771.030211875,romantic
train,2014/MIDI-UNPROCESSED_16-18_R1_2014_MID--AUDIO_17_R1_2014_wav--2.midi,794.788200938,romantic
train,2006/MIDI-Unprocessed_18_R1_2006_01-05_ORIG_MID--AUDIO_18_R1_2006_04_Track04_wav.midi,754.92445875,contemporary
train,2009/MIDI-Unprocessed_15_R1_2009_03-06_ORIG_MID--AUDIO_15_R1_2009_15_R1_2009_06_WAV.midi,391.296350156,romantic
train,2011/MIDI-Unprocessed_09_R2_2011_MID--AUDIO_R2-D3_03_Track03_wav.midi,379.090165781,romantic
train,2008/MIDI-Unprocessed_03_R1_2008_01-04_ORIG_MID--AUDIO_03_R1_2008_wav--4.midi,421.416512344,romantic
test,2014/MIDI-UNPROCESSED_11-13_R1_2014_MID--AUDIO_13_R1_2014_wav--6.midi,977.023595625,romantic
train,2018/MIDI-Unprocessed_Recital4_MID--AUDIO_04_R1_2018_wav--5.midi,1700.13318234,romantic
train,2006/MIDI-Unprocessed_24_R1_2006_01-05_ORIG_MID--AUDIO_24_R1_2006_05_Track05_wav.midi,1396.30736437,romantic
train,2014/MIDI-UNPROCESSED_01-03_R1_2014_MID--AUDIO_02_R1_2014_wav--5.midi,1480.26561375,romantic
train,2008/MIDI-Unprocessed_17_R1_2008_01-04_ORIG_MID--AUDIO_17_R1_2008_wav--4.midi,398.729569219,romantic
validation,2009/MIDI-Unprocessed_04_R1_2009_04-06_ORIG_MID--AUDIO_04_R1_2009_04_R1_2009_04_WAV.midi,412.511606719,romantic
train,2009/MIDI-Unprocessed_04_R1_2009_04-06_ORIG_MID--AUDIO_04_R1_2009_04_R1_2009_05_WAV.midi,802.764955781,romantic
train,2015/MIDI-Unprocessed_R1_D2-13-20_mid--AUDIO-from_mp3_18_R1_2015_wav--4.midi,545.376041667,romantic
train,2011/MIDI-Unprocessed_06_R3_2011_MID--AUDIO_R3-D3_06_Track06_wav.midi,487.864095469,romantic
validation,2009/MIDI-Unprocessed_16_R1_2009_03-06_ORIG_MID--AUDIO_16_R1_2009_16_R1_2009_03_WAV.midi,626.159897344,romantic
validation,2008/MIDI-Unprocessed_04_R3_2008_01-07_ORIG_MID--AUDIO_04_R3_2008_wav--2.midi,53.936911875,baroque
test,2013/ORIG-MIDI_01_7_7_13_Group__MID--AUDIO_13_R1_2013_wav--3.midi,257.278054688,romantic
test,2008/MIDI-Unprocessed_04_R3_2008_01-07_ORIG_MID--AUDIO_04_R3_2008_wav--6.midi,305.818337344,romantic
test,2008/MIDI-Unprocessed_04_R3_2008_01-07_ORIG_MID--AUDIO_04_R3_2008_wav--7.midi,607.479360469,romantic
validation,2008/MIDI-Unprocessed_07_R1_2008_01-04_ORIG_MID--AUDIO_07_R1_2008_wav--3.midi,257.133824063,romantic
test,2008/MIDI-Unprocessed_04_R3_2008_01-07_ORIG_MID--AUDIO_04_R3_2008_wav--3.midi,260.515230938,romantic
train,2008/MIDI-Unprocessed_04_R3_2008_01-07_ORIG_MID--AUDIO_04_R3_2008_wav--4.midi,494.709708281,romantic
train,2013/ORIG-MIDI_02_7_7_13_Group__MID--AUDIO_15_R1_2013_wav--3.midi,208.186223437,romantic
test,2013/ORIG-MIDI_01_7_7_13_Group__MID--AUDIO_11_R1_2013_wav--4.midi,298.708301719,romantic
validation,2004/MIDI-Unprocessed_XP_01_R1_2004_04-05_ORIG_MID--AUDIO_01_R1_2004_05_Track05_wav.midi,510.89592875,romantic
validation,2015/MIDI-Unprocessed_R1_D1-1-8_mid--AUDIO-from_mp3_05_R1_2015_wav--1.midi,342.2875,romantic
train,2011/MIDI-Unprocessed_22_R3_2011_MID--AUDIO_R3-D7_09_Track09_wav.midi,403.523902031,romantic
train,2018/MIDI-Unprocessed_Recital17-19_MID--AUDIO_19_R1_2018_wav--4.midi,990.913806094,romantic
test,2009/MIDI-Unprocessed_08_R1_2009_01-04_ORIG_MID--AUDIO_08_R1_2009_08_R1_2009_04_WAV.midi,274.736637656,romantic
test,2009/MIDI-Unprocessed_08_R1_2009_01-04_ORIG_MID--AUDIO_08_R1_2009_08_R1_2009_03_WAV.midi,236.42070375,romantic
test,2017/MIDI-Unprocessed_080_PIANO080_MID--AUDIO-split_07-09-17_Piano-e_1-06_wav--3.midi,1204.94174533,romantic
train,2008/MIDI-Unprocessed_06_R2_2008_01-05_ORIG_MID--AUDIO_06_R2_2008_wav--3.midi,584.943325313,romantic
train,2008/MIDI-Unprocessed_11_R2_2008_01-05_ORIG_MID--AUDIO_11_R2_2008_wav--3.midi,635.781949688,romantic
train,2017/MIDI-Unprocessed_081_PIANO081_MID--AUDIO-split_07-09-17_Piano-e_2_-02_wav--3.midi,566.241883521,romantic
train,2013/ORIG-MIDI_03_7_8_13_Group__MID--AUDIO_15_R2_2013_wav--1.midi,574.096648125,romantic
train,2011/MIDI-Unprocessed_03_R2_2011_MID--AUDIO_R2-D1_07_Track07_wav.midi,537.582261562,romantic
train,2013/ORIG-MIDI_02_7_8_13_Group__MID--AUDIO_08_R2_2013_wav--1.midi,638.698613438,romantic
train,2013/ORIG-MIDI_02_7_8_13_Group__MID--AUDIO_11_R2_2013_wav--1.midi,474.560155781,romantic
train,2017/MIDI-Unprocessed_080_PIANO080_MID--AUDIO-split_07-09-17_Piano-e_1-06_wav--1.midi,551.678920692,romantic
train,2013/ORIG-MIDI_03_7_8_13_Group__MID--AUDIO_18_R2_2013_wav--1.midi,717.590094375,romantic
train,2011/MIDI-Unprocessed_22_R2_2011_MID--AUDIO_R2-D5_08_Track08_wav.midi,407.183086406,romantic
test,2017/MIDI-Unprocessed_072_PIANO072_MID--AUDIO-split_07-08-17_Piano-e_1-06_wav--2.midi,376.731059992,romantic
test,2011/MIDI-Unprocessed_02_R2_2011_MID--AUDIO_R2-D1_02_Track02_wav.midi,329.194382344,romantic
train,2018/MIDI-Unprocessed_Recital9-11_MID--AUDIO_11_R1_2018_wav--1.midi,566.467115156,romantic
train,2013/ORIG-MIDI_01_7_8_13_Group__MID--AUDIO_04_R2_2013_wav--1.midi,519.358455,romantic
train,2017/MIDI-Unprocessed_079_PIANO079_MID--AUDIO-split_07-09-17_Piano-e_1-04_wav--2.midi,559.081662196,romantic
train,2011/MIDI-Unprocessed_25_R2_2011_MID--AUDIO_R2-D6_07_Track07_wav.midi,566.914497188,romantic
train,2008/MIDI-Unprocessed_02_R2_2008_01-05_ORIG_MID--AUDIO_02_R2_2008_wav--1.midi,223.212917812,romantic
train,2008/MIDI-Unprocessed_09_R2_2008_01-05_ORIG_MID--AUDIO_09_R2_2008_wav--1.midi,264.608442656,romantic
train,2015/MIDI-Unprocessed_R2_D2-19-21-22_mid--AUDIO-from_mp3_22_R2_2015_wav--1.midi,287.720833333,romantic
train,2017/MIDI-Unprocessed_070_PIANO070_MID--AUDIO-split_07-08-17_Piano-e_1-02_wav--1.midi,287.37038675,romantic
train,2013/ORIG-MIDI_01_7_8_13_Group__MID--AUDIO_03_R2_2013_wav--2.midi,267.370192031,romantic
train,2008/MIDI-Unprocessed_17_R2_2008_01-04_ORIG_MID--AUDIO_17_R2_2008_wav--3.midi,300.25611,romantic
train,2015/MIDI-Unprocessed_R2_D2-12-13-15_mid--AUDIO-from_mp3_15_R2_2015_wav--1.midi,366.34375,romantic
train,2017/MIDI-Unprocessed_082_PIANO082_MID--AUDIO-split_07-09-17_Piano-e_2_-04_wav--3.midi,327.167200292,romantic
train,2013/ORIG-MIDI_03_7_8_13_Group__MID--AUDIO_17_R2_2013_wav--2.midi,357.281961094,romantic
train,2011/MIDI-Unprocessed_16_R2_2011_MID--AUDIO_R2-D4_09_Track09_wav.midi,258.665606719,romantic
test,2015/MIDI-Unprocessed_R2_D2-19-21-22_mid--AUDIO-from_mp3_19_R2_2015_wav--3.midi,366.94375,romantic
train,2011/MIDI-Unprocessed_12_R2_2011_MID--AUDIO_R2-D4_04_Track04_wav.midi,307.356797344,romantic
train,2018/MIDI-Unprocessed_Recital12_MID--AUDIO_12_R1_2018_wav--3.midi,644.389045781,romantic
train,2004/MIDI-Unprocessed_SMF_17_R1_2004_01-03_ORIG_MID--AUDIO_17_R1_2004_02_Track02_wav--1.midi,340.525040821,romantic
validation,2015/MIDI-Unprocessed_R2_D2-12-13-15_mid--AUDIO-from_mp3_12_R2_2015_wav--2.midi,351.030208333,romantic
validation,2008/MIDI-Unprocessed_15_R2_2008_01-04_ORIG_MID--AUDIO_15_R2_2008_wav--2.midi,106.156410937,modern
train,2006/MIDI-Unprocessed_08_R2_2006_01_ORIG_MID--AUDIO_08_R2_2006_01_Track01_wav.midi,677.290989375,post-romantic
train,2006/MIDI-Unprocessed_08_R2_2006_01_ORIG_MID--AUDIO_08_R2_2006_02_Track02_wav.midi,427.673183437,post-romantic
train,2006/MIDI-Unprocessed_08_R2_2006_01_ORIG_MID--AUDIO_08_R2_2006_03_Track03_wav.midi,844.489005937,post-romantic
train,2006/MIDI-Unprocessed_07_R2_2006_01_ORIG_MID--AUDIO_07_R2_2006_04_Track04_wav.midi,648.601114219,post-romantic
test,2017/MIDI-Unprocessed_078_PIANO078_MID--AUDIO-split_07-09-17_Piano-e_1-02_wav--2.midi,903.514803525,romantic
test,2017/MIDI-Unprocessed_071_PIANO071_MID--AUDIO-split_07-08-17_Piano-e_1-04_wav--2.midi,342.161784937,romantic
train,2014/MIDI-UNPROCESSED_19-20-21_R2_2014_MID--AUDIO_19_R2_2014_wav.midi,2453.07847641,romantic
train,2018/MIDI-Unprocessed_Schubert1-3_MID--AUDIO_07_R2_2018_wav.midi,2244.51297984,romantic
train,2006/MIDI-Unprocessed_23_R2_2006_01_ORIG_MID--AUDIO_23_R2_2006_04_Track04_wav.midi,272.511746719,romantic
train,2009/MIDI-Unprocessed_09_R2_2009_01_ORIG_MID--AUDIO_09_R2_2009_09_R2_2009_01_WAV.midi,463.744194375,romantic
train,2009/MIDI-Unprocessed_09_R2_2009_01_ORIG_MID--AUDIO_09_R2_2009_09_R2_2009_02_WAV.midi,398.837742187,romantic
train,2009/MIDI-Unprocessed_09_R2_2009_01_ORIG_MID--AUDIO_09_R2_2009_09_R2_2009_03_WAV.midi,280.387005938,romantic
train,2009/MIDI-Unprocessed_09_R2_2009_01_ORIG_MID--AUDIO_09_R2_2009_09_R2_2009_04_WAV.midi,293.561405156,romantic
test,2018/MIDI-Unprocessed_Recital9-11_MID--AUDIO_09_R1_2018_wav--1.midi,1371.54510281,romantic
train,2018/MIDI-Unprocessed_Schubert1-3_MID--AUDIO_02_R2_2018_wav.midi,1846.46449969,romantic
train,2014/MIDI-UNPROCESSED_04-07-08-10-12-15-17_R2_2014_MID--AUDIO_15_R2_2014_wav.midi,1682.59847766,romantic
train,2009/MIDI-Unprocessed_21_R2_2009_01_ORIG_MID--AUDIO_21_R2_2009_21_R2_2009_01_WAV.midi,908.675640469,romantic
train,2009/MIDI-Unprocessed_21_R2_2009_01_ORIG_MID--AUDIO_21_R2_2009_21_R2_2009_02_WAV.midi,635.457430781,romantic
train,2009/MIDI-Unprocessed_21_R2_2009_01_ORIG_MID--AUDIO_21_R2_2009_21_R2_2009_03_WAV.midi,216.3032025,romantic
train,2009/MIDI-Unprocessed_21_R2_2009_01_ORIG_MID--AUDIO_21_R2_2009_21_R2_2009_04_WAV.midi,434.902075781,romantic
train,2009/MIDI-Unprocessed_10_R2_2009_01_ORIG_MID--AUDIO_10_R2_2009_10_R2_2009_01_WAV.midi,949.83879375,romantic
train,2014/MIDI-UNPROCESSED_04-07-08-10-12-15-17_R2_2014_MID--AUDIO_12_R2_2014_wav.midi,2624.66350781,romantic
train,2009/MIDI-Unprocessed_10_R2_2009_01_ORIG_MID--AUDIO_10_R2_2009_10_R2_2009_02_WAV.midi,672.761079375,romantic
train,2009/MIDI-Unprocessed_10_R2_2009_01_ORIG_MID--AUDIO_10_R2_2009_10_R2_2009_03_WAV.midi,220.921253438,romantic
train,2009/MIDI-Unprocessed_10_R2_2009_01_ORIG_MID--AUDIO_10_R2_2009_10_R2_2009_04_WAV.midi,515.92897125,romantic
train,2018/MIDI-Unprocessed_Schubert4-6_MID--AUDIO_10_R2_2018_wav.midi,2421.89528109,romantic
train,2009/MIDI-Unprocessed_17_R2_2009_01_ORIG_MID--AUDIO_17_R2_2009_17_R2_2009_01_WAV.midi,475.983765469,romantic
train,2009/MIDI-Unprocessed_17_R2_2009_01_ORIG_MID--AUDIO_17_R2_2009_17_R2_2009_02_WAV.midi,488.363560781,romantic
train,2009/MIDI-Unprocessed_17_R2_2009_01_ORIG_MID--AUDIO_17_R2_2009_17_R2_2009_03_WAV.midi,203.632275,romantic
train,2009/MIDI-Unprocessed_17_R2_2009_01_ORIG_MID--AUDIO_17_R2_2009_17_R2_2009_04_WAV.midi,521.642106562,romantic
test,2009/MIDI-Unprocessed_16_R2_2009_01_ORIG_MID--AUDIO_16_R2_2009_16_R2_2009_01_WAV.midi,704.256774375,romantic
test,2009/MIDI-Unprocessed_16_R2_2009_01_ORIG_MID--AUDIO_16_R2_2009_16_R2_2009_02_WAV.midi,540.345346406,classical
validation,2009/MIDI-Unprocessed_16_R2_2009_01_ORIG_MID--AUDIO_16_R2_2009_16_R2_2009_03_WAV.midi,312.578480156,classical
test,2009/MIDI-Unprocessed_16_R2_2009_01_ORIG_MID--AUDIO_16_R2_2009_16_R2_2009_04_WAV.midi,529.414534688,classical
train,2009/MIDI-Unprocessed_12_R2_2009_01_ORIG_MID--AUDIO_12_R2_2009_12_R2_2009_01_WAV.midi,493.521141094,romantic
train,2014/MIDI-UNPROCESSED_19-20-21_R2_2014_MID--AUDIO_21_R2_2014_wav.midi,1766.21885344,romantic
train,2009/MIDI-Unprocessed_12_R2_2009_01_ORIG_MID--AUDIO_12_R2_2009_12_R2_2009_02_WAV.midi,573.772129219,romantic
train,2009/MIDI-Unprocessed_12_R2_2009_01_ORIG_MID--AUDIO_12_R2_2009_12_R2_2009_03_WAV.midi,151.10027625,romantic
train,2009/MIDI-Unprocessed_12_R2_2009_01_ORIG_MID--AUDIO_12_R2_2009_12_R2_2009_04_WAV.midi,560.5763625,romantic
train,2018/MIDI-Unprocessed_Schubert7-9_MID--AUDIO_16_R2_2018_wav.midi,1758.36229078,romantic
test,2014/MIDI-UNPROCESSED_19-20-21_R2_2014_MID--AUDIO_20_R2_2014_wav.midi,1579.19446781,classical
train,2014/MIDI-UNPROCESSED_04-07-08-10-12-15-17_R2_2014_MID--AUDIO_10_R2_2014_wav.midi,1974.04316484,romantic
train,2018/MIDI-Unprocessed_Schubert10-12_MID--AUDIO_20_R2_2018_wav.midi,2346.84060188,romantic
train,2018/MIDI-Unprocessed_Schubert10-12_MID--AUDIO_18_R2_2018_wav.midi,1990.15425984,modern
train,2004/MIDI-Unprocessed_XP_17_R2_2004_01_ORIG_MID--AUDIO_17_R2_2004_04_Track04_wav.midi,506.776282783,romantic
train,2009/MIDI-Unprocessed_19_R2_2009_01_ORIG_MID--AUDIO_19_R2_2009_19_R2_2009_01_WAV.midi,928.51402875,romantic
train,2009/MIDI-Unprocessed_19_R2_2009_01_ORIG_MID--AUDIO_19_R2_2009_19_R2_2009_02_WAV.midi,459.31578,romantic
train,2009/MIDI-Unprocessed_19_R2_2009_01_ORIG_MID--AUDIO_19_R2_2009_19_R2_2009_03_WAV.midi,241.472782031,romantic
train,2009/MIDI-Unprocessed_19_R2_2009_01_ORIG_MID--AUDIO_19_R2_2009_19_R2_2009_04_WAV.midi,460.102371094,romantic
train,2004/MIDI-Unprocessed_XP_20_R2_2004_01_ORIG_MID--AUDIO_20_R1_2004_03_Track03_wav.midi,685.919985077,romantic
test,2006/MIDI-Unprocessed_10_R1_2006_01-04_ORIG_MID--AUDIO_10_R1_2006_03_Track03_wav.midi,1263.03426047,romantic
train,2004/MIDI-Unprocessed_SMF_05_R1_2004_01_ORIG_MID--AUDIO_05_R1_2004_03_Track03_wav.midi,327.327025835,romantic
train,2004/MIDI-Unprocessed_XP_06_R1_2004_01_ORIG_MID--AUDIO_06_R1_2004_01_Track01_wav.midi,2398.64035989,romantic
train,2008/MIDI-Unprocessed_11_R3_2008_01-04_ORIG_MID--AUDIO_11_R3_2008_wav--4.midi,819.874981406,romantic
train,2009/MIDI-Unprocessed_21_R1_2009_01-03_ORIG_MID--AUDIO_21_R1_2009_21_R1_2009_03_WAV.midi,794.2513425,romantic
train,2011/MIDI-Unprocessed_06_R1_2011_MID--AUDIO_R1-D2_17_Track17_wav.midi,761.139730313,romantic
train,2017/MIDI-Unprocessed_082_PIANO082_MID--AUDIO-split_07-09-17_Piano-e_2_-04_wav--2.midi,824.448951633,romantic
train,2013/ORIG-MIDI_01_7_7_13_Group__MID--AUDIO_14_R1_2013_wav--4.midi,769.017660469,romantic
train,2006/MIDI-Unprocessed_04_R1_2006_01-04_ORIG_MID--AUDIO_04_R1_2006_01_Track01_wav.midi,603.939032813,romantic
train,2017/MIDI-Unprocessed_046_PIANO046_MID--AUDIO-split_07-06-17_Piano-e_2-02_wav--4.midi,558.778244879,romantic
train,2008/MIDI-Unprocessed_02_R3_2008_01-03_ORIG_MID--AUDIO_02_R3_2008_wav--2.midi,340.642020469,romantic
train,2017/MIDI-Unprocessed_050_PIANO050_MID--AUDIO-split_07-06-17_Piano-e_3-01_wav--4.midi,459.913344704,romantic
train,2011/MIDI-Unprocessed_10_R2_2011_MID--AUDIO_R2-D3_11_Track11_wav.midi,424.21966125,romantic
train,2017/MIDI-Unprocessed_051_PIANO051_MID--AUDIO-split_07-06-17_Piano-e_3-02_wav--4.midi,641.490446425,romantic
train,2008/MIDI-Unprocessed_09_R3_2008_01-07_ORIG_MID--AUDIO_09_R3_2008_wav--5.midi,628.508986875,romantic
train,2006/MIDI-Unprocessed_13_R1_2006_01-06_ORIG_MID--AUDIO_13_R1_2006_06_Track06_wav.midi,486.925260938,romantic
train,2013/ORIG-MIDI_03_7_10_13_Group_MID--AUDIO_18_R3_2013_wav--1.midi,499.187535,romantic
train,2017/MIDI-Unprocessed_049_PIANO049_MID--AUDIO-split_07-06-17_Piano-e_2-06_wav--5.midi,519.593607825,romantic
validation,2008/MIDI-Unprocessed_14_R1_2008_01-05_ORIG_MID--AUDIO_14_R1_2008_wav--4.midi,261.343221562,romantic
validation,2017/MIDI-Unprocessed_083_PIANO083_MID--AUDIO-split_07-09-17_Piano-e_2_-06_wav--5.midi,265.093786504,romantic
validation,2014/MIDI-UNPROCESSED_04-05_R1_2014_MID--AUDIO_05_R1_2014_wav--4.midi,256.01470125,romantic
validation,2011/MIDI-Unprocessed_25_R3_2011_MID--AUDIO_R3-D9_05_Track05_wav.midi,293.0552625,romantic
train,2013/ORIG-MIDI_02_7_7_13_Group__MID--AUDIO_19_R1_2013_wav--3.midi,114.585889687,romantic
train,2017/MIDI-Unprocessed_059_PIANO059_MID--AUDIO-split_07-07-17_Piano-e_2-03_wav--3.midi,114.474866421,romantic
train,2017/MIDI-Unprocessed_053_PIANO053_MID--AUDIO-split_07-06-17_Piano-e_3-04_wav--2.midi,124.78143985,romantic
test,2015/MIDI-Unprocessed_R1_D2-21-22_mid--AUDIO-from_mp3_22_R1_2015_wav--3.midi,157.636458333,romantic
test,2011/MIDI-Unprocessed_07_R1_2011_MID--AUDIO_R1-D3_03_Track03_wav.midi,138.094146094,romantic
train,2013/ORIG-MIDI_02_7_6_13_Group__MID--AUDIO_06_R1_2013_wav--3.midi,70.726425,romantic
train,2017/MIDI-Unprocessed_070_PIANO070_MID--AUDIO-split_07-08-17_Piano-e_1-02_wav--2.midi,79.48679,romantic
train,2013/ORIG-MIDI_01_7_7_13_Group__MID--AUDIO_14_R1_2013_wav--3.midi,111.881565469,romantic
train,2011/MIDI-Unprocessed_21_R1_2011_MID--AUDIO_R1-D8_09_Track09_wav.midi,123.152921719,romantic
train,2017/MIDI-Unprocessed_067_PIANO067_MID--AUDIO-split_07-07-17_Piano-e_3-03_wav--3.midi,112.612696058,romantic
validation,2017/MIDI-Unprocessed_062_PIANO062_MID--AUDIO-split_07-07-17_Piano-e_2-07_wav--3.midi,98.7099864042,romantic
train,2013/ORIG-MIDI_02_7_7_13_Group__MID--AUDIO_17_R1_2013_wav--3.midi,125.043945469,romantic
train,2011/MIDI-Unprocessed_19_R1_2011_MID--AUDIO_R1-D7_14_Track14_wav.midi,149.950437656,romantic
train,2013/ORIG-MIDI_03_7_6_13_Group__MID--AUDIO_10_R1_2013_wav--3.midi,136.072246406,romantic
train,2017/MIDI-Unprocessed_057_PIANO057_MID--AUDIO-split_07-07-17_Piano-e_1-07_wav--4.midi,143.456562017,romantic
train,2013/ORIG-MIDI_02_7_7_13_Group__MID--AUDIO_18_R1_2013_wav--5.midi,250.193392969,romantic
train,2017/MIDI-Unprocessed_041_PIANO041_MID--AUDIO-split_07-06-17_Piano-e_1-01_wav--3.midi,237.363153154,romantic
train,2013/ORIG-MIDI_02_7_8_13_Group__MID--AUDIO_08_R2_2013_wav--2.midi,193.874004844,romantic
train,2017/MIDI-Unprocessed_051_PIANO051_MID--AUDIO-split_07-06-17_Piano-e_3-02_wav--3.midi,219.964734133,romantic
train,2015/MIDI-Unprocessed_R1_D2-13-20_mid--AUDIO-from_mp3_14_R1_2015_wav--4.midi,156.28125,romantic
train,2011/MIDI-Unprocessed_09_R1_2011_MID--AUDIO_R1-D3_14_Track14_wav.midi,137.845748906,romantic
train,2008/MIDI-Unprocessed_09_R2_2008_01-05_ORIG_MID--AUDIO_09_R2_2008_wav--2.midi,181.853450625,romantic
train,2013/ORIG-MIDI_01_7_6_13_Group__MID--AUDIO_03_R1_2013_wav--3.midi,120.675627187,romantic
train,2011/MIDI-Unprocessed_06_R1_2011_MID--AUDIO_R1-D2_16_Track16_wav.midi,110.455284844,romantic
train,2014/MIDI-UNPROCESSED_16-18_R1_2014_MID--AUDIO_18_R1_2014_wav--4.midi,221.737224844,romantic
train,2014/MIDI-UNPROCESSED_16-18_R1_2014_MID--AUDIO_18_R1_2014_wav--3.midi,150.433877344,romantic
train,2013/ORIG-MIDI_01_7_8_13_Group__MID--AUDIO_03_R2_2013_wav--1.midi,656.746138125,romantic
validation,2017/MIDI-Unprocessed_061_PIANO061_MID--AUDIO-split_07-07-17_Piano-e_2-05_wav--3.midi,715.326623087,romantic
validation,2009/MIDI-Unprocessed_06_R1_2009_03-07_ORIG_MID--AUDIO_06_R1_2009_06_R1_2009_06_WAV.midi,766.870226719,romantic
train,2013/ORIG-MIDI_01_7_7_13_Group__MID--AUDIO_11_R1_2013_wav--3.midi,265.483174688,romantic
validation,2011/MIDI-Unprocessed_12_R3_2011_MID--AUDIO_R3-D4_02_Track02_wav.midi,137.6280675,romantic
train,2013/ORIG-MIDI_02_7_7_13_Group__MID--AUDIO_16_R1_2013_wav--3.midi,235.214775469,romantic
validation,2008/MIDI-Unprocessed_07_R2_2008_01-05_ORIG_MID--AUDIO_07_R2_2008_wav--3.midi,124.491061406,romantic
validation,2014/MIDI-UNPROCESSED_04-05_R1_2014_MID--AUDIO_05_R1_2014_wav--5.midi,121.519643437,romantic
validation,2008/MIDI-Unprocessed_07_R2_2008_01-05_ORIG_MID--AUDIO_07_R2_2008_wav--2.midi,94.3936021875,romantic
test,2015/MIDI-Unprocessed_R1_D1-9-12_mid--AUDIO-from_mp3_12_R1_2015_wav--3.midi,240.451041667,romantic
test,2011/MIDI-Unprocessed_22_R2_2011_MID--AUDIO_R2-D5_10_Track10_wav.midi,293.216854219,romantic
validation,2017/MIDI-Unprocessed_058_PIANO058_MID--AUDIO-split_07-07-17_Piano-e_2-02_wav--4.midi,341.238712538,romantic
validation,2011/MIDI-Unprocessed_02_R2_2011_MID--AUDIO_R2-D1_03_Track03_wav.midi,261.275112656,romantic
validation,2015/MIDI-Unprocessed_R1_D1-1-8_mid--AUDIO-from_mp3_01_R1_2015_wav--2.midi,297.4875,romantic
validation,2015/MIDI-Unprocessed_R1_D1-1-8_mid--AUDIO-from_mp3_04_R1_2015_wav--3.midi,278.460416667,romantic
validation,2017/MIDI-Unprocessed_072_PIANO072_MID--AUDIO-split_07-08-17_Piano-e_1-06_wav--3.midi,405.313184896,romantic
validation,2009/MIDI-Unprocessed_06_R1_2009_03-07_ORIG_MID--AUDIO_06_R1_2009_06_R1_2009_05_WAV.midi,371.021263594,romantic
validation,2011/MIDI-Unprocessed_06_R3_2011_MID--AUDIO_R3-D3_05_Track05_wav.midi,220.688881875,romantic
test,2014/MIDI-UNPROCESSED_01-03_R1_2014_MID--AUDIO_03_R1_2014_wav--4.midi,352.914978281,romantic
validation,2008/MIDI-Unprocessed_16_R1_2008_01-04_ORIG_MID--AUDIO_16_R1_2008_wav--3.midi,295.043775469,romantic
train,2014/MIDI-UNPROCESSED_04-05_R1_2014_MID--AUDIO_05_R1_2014_wav--6.midi,230.862482812,romantic
test,2017/MIDI-Unprocessed_057_PIANO057_MID--AUDIO-split_07-07-17_Piano-e_1-07_wav--3.midi,302.6908245,romantic
validation,2006/MIDI-Unprocessed_19_R1_2006_01-07_ORIG_MID--AUDIO_19_R1_2006_07_Track07_wav.midi,355.499110313,romantic
validation,2013/ORIG-MIDI_03_7_8_13_Group__MID--AUDIO_18_R2_2013_wav--3.midi,278.441227969,romantic
test,2008/MIDI-Unprocessed_17_R2_2008_01-04_ORIG_MID--AUDIO_17_R2_2008_wav--1.midi,230.070549844,romantic
test,2008/MIDI-Unprocessed_09_R2_2008_01-05_ORIG_MID--AUDIO_09_R2_2008_wav--3.midi,423.697492969,romantic
test,2006/MIDI-Unprocessed_15_R1_2006_01-05_ORIG_MID--AUDIO_15_R1_2006_02_Track02_wav.midi,662.006549531,romantic
test,2011/MIDI-Unprocessed_22_R2_2011_MID--AUDIO_R2-D5_11_Track11_wav.midi,379.931511094,romantic
test,2006/MIDI-Unprocessed_17_R1_2006_01-06_ORIG_MID--AUDIO_17_R1_2006_02_Track02_wav.midi,779.016315,romantic
test,2008/MIDI-Unprocessed_12_R1_2008_01-04_ORIG_MID--AUDIO_12_R1_2008_wav--4.midi,664.581333281,romantic
test,2009/MIDI-Unprocessed_07_R1_2009_01-03_ORIG_MID--AUDIO_07_R1_2009_07_R1_2009_03_WAV.midi,779.399594531,romantic
train,2009/MIDI-Unprocessed_17_R1_2009_04_ORIG_MID--AUDIO_17_R1_2009_17_R1_2009_04_WAV.midi,2622.72440719,romantic
test,2011/MIDI-Unprocessed_19_R1_2011_MID--AUDIO_R1-D7_15_Track15_wav.midi,610.798000312,romantic
test,2013/ORIG-MIDI_01_7_6_13_Group__MID--AUDIO_04_R1_2013_wav--4.midi,496.481875313,romantic
validation,2011/MIDI-Unprocessed_07_R1_2011_MID--AUDIO_R1-D3_05_Track05_wav.midi,527.487453281,romantic
validation,2013/ORIG-MIDI_03_7_6_13_Group__MID--AUDIO_10_R1_2013_wav--4.midi,555.1917525,romantic
train,2014/MIDI-UNPROCESSED_06-08_R1_2014_MID--AUDIO_07_R1_2014_wav--3.midi,578.37549,romantic
train,2017/MIDI-Unprocessed_057_PIANO057_MID--AUDIO-split_07-07-17_Piano-e_1-07_wav--5.midi,581.174502658,romantic
train,2017/MIDI-Unprocessed_062_PIANO062_MID--AUDIO-split_07-07-17_Piano-e_2-07_wav--4.midi,577.134992537,romantic
train,2009/MIDI-Unprocessed_06_R1_2009_03-07_ORIG_MID--AUDIO_06_R1_2009_06_R1_2009_07_WAV.midi,565.314605625,romantic
train,2006/MIDI-Unprocessed_01_R1_2006_01-09_ORIG_MID--AUDIO_01_R1_2006_05_Track05_wav.midi,433.202024063,romantic
train,2015/MIDI-Unprocessed_R1_D1-1-8_mid--AUDIO-from_mp3_05_R1_2015_wav--5.midi,418.929166667,romantic
train,2011/MIDI-Unprocessed_23_R1_2011_MID--AUDIO_R1-D9_04_Track04_wav.midi,688.719930938,romantic
train,2017/MIDI-Unprocessed_053_PIANO053_MID--AUDIO-split_07-06-17_Piano-e_3-04_wav--4.midi,655.006405837,romantic
train,2006/MIDI-Unprocessed_07_R1_2006_01-04_ORIG_MID--AUDIO_07_R1_2006_03_Track03_wav.midi,1442.79636703,romantic
test,2013/ORIG-MIDI_02_7_10_13_Group_MID--AUDIO_14_R3_2013_wav--2.midi,1127.25314625,romantic
train,2006/MIDI-Unprocessed_20_R1_2006_01-04_ORIG_MID--AUDIO_20_R1_2006_04_Track04_wav.midi,1611.38460656,romantic
train,2018/MIDI-Unprocessed_Chamber5_MID--AUDIO_18_R3_2018_wav--1.midi,1607.37152297,romantic
train,2014/MIDI-UNPROCESSED_21-22_R1_2014_MID--AUDIO_22_R1_2014_wav--5.midi,1458.97557094,romantic
train,2013/ORIG-MIDI_03_7_8_13_Group__MID--AUDIO_18_R2_2013_wav--4.midi,528.9951975,romantic
train,2017/MIDI-Unprocessed_052_PIANO052_MID--AUDIO-split_07-06-17_Piano-e_3-03_wav--5.midi,507.502855104,romantic
train,2004/MIDI-Unprocessed_XP_18_R1_2004_04_ORIG_MID--AUDIO_18_R1_2004_07_Track07_wav.midi,1442.05450661,romantic
train,2011/MIDI-Unprocessed_11_R1_2011_MID--AUDIO_R1-D4_11_Track11_wav.midi,117.120609375,romantic
train,2006/MIDI-Unprocessed_06_R1_2006_01-04_ORIG_MID--AUDIO_06_R1_2006_04_Track04_wav.midi,1364.70483188,romantic
train,2009/MIDI-Unprocessed_18_R1_2009_01-03_ORIG_MID--AUDIO_18_R1_2009_18_R1_2009_01_WAV.midi,329.032790625,baroque
train,2018/MIDI-Unprocessed_Recital1-3_MID--AUDIO_01_R1_2018_wav--1.midi,328.904585625,baroque
train,2009/MIDI-Unprocessed_12_R1_2009_01-02_ORIG_MID--AUDIO_12_R1_2009_12_R1_2009_01_WAV.midi,856.080874687,baroque
train,2014/MIDI-UNPROCESSED_21-22_R1_2014_MID--AUDIO_21_R1_2014_wav--7.midi,538.800209063,baroque
train,2009/MIDI-Unprocessed_03_R1_2009_03-08_ORIG_MID--AUDIO_03_R1_2009_03_R1_2009_06_WAV.midi,308.694937031,romantic
train,2009/MIDI-Unprocessed_03_R1_2009_03-08_ORIG_MID--AUDIO_03_R1_2009_03_R1_2009_08_WAV.midi,336.871992188,romantic
train,2004/MIDI-Unprocessed_SMF_17_R1_2004_03-06_ORIG_MID--AUDIO_20_R2_2004_08_Track08_wav.midi,259.816541231,contemporary
train,2008/MIDI-Unprocessed_06_R2_2008_01-05_ORIG_MID--AUDIO_06_R2_2008_wav--1.midi,172.9699125,baroque
train,2015/MIDI-Unprocessed_R2_D2-19-21-22_mid--AUDIO-from_mp3_19_R2_2015_wav--1.midi,711.303125,baroque
train,2009/MIDI-Unprocessed_06_R1_2009_03-07_ORIG_MID--AUDIO_06_R1_2009_06_R1_2009_03_WAV.midi,131.834804063,baroque
train,2009/MIDI-Unprocessed_06_R1_2009_03-07_ORIG_MID--AUDIO_06_R1_2009_06_R1_2009_04_WAV.midi,125.185505156,baroque
train,2013/ORIG-MIDI_01_7_10_13_Group_MID--AUDIO_08_R3_2013_wav--2.midi,821.342661563,baroque
train,2008/MIDI-Unprocessed_08_R1_2008_01-05_ORIG_MID--AUDIO_08_R1_2008_wav--1.midi,168.862010625,baroque
train,2004/MIDI-Unprocessed_SMF_22_R1_2004_01-04_ORIG_MID--AUDIO_22_R1_2004_05_Track05_wav.midi,130.60752069,baroque
train,2014/MIDI-UNPROCESSED_16-18_R1_2014_MID--AUDIO_18_R1_2014_wav--1.midi,784.858990781,baroque
train,2018/MIDI-Unprocessed_Recital13-15_MID--AUDIO_14_R1_2018_wav--1.midi,732.789064219,baroque
train,2015/MIDI-Unprocessed_R2_D1-2-3-6-7-8-11_mid--AUDIO-from_mp3_07_R2_2015_wav--1.midi,771.034375,baroque
test,2013/ORIG-MIDI_01_7_10_13_Group_MID--AUDIO_07_R3_2013_wav--1.midi,442.826747344,baroque
train,2014/MIDI-UNPROCESSED_14-15_R1_2014_MID--AUDIO_14_R1_2014_wav--1.midi,951.542851875,baroque
train,2013/ORIG-MIDI_02_7_8_13_Group__MID--AUDIO_12_R2_2013_wav--1.midi,265.774306875,baroque
train,2018/MIDI-Unprocessed_Chamber4_MID--AUDIO_11_R3_2018_wav--1.midi,1091.69094891,baroque
train,2009/MIDI-Unprocessed_10_R1_2009_01-02_ORIG_MID--AUDIO_10_R1_2009_10_R1_2009_01_WAV.midi,1286.67739922,baroque
train,2014/MIDI-UNPROCESSED_06-08_R1_2014_MID--AUDIO_07_R1_2014_wav--2.midi,1133.65805437,baroque
train,2013/ORIG-MIDI_01_7_6_13_Group__MID--AUDIO_02_R1_2013_wav--1.midi,323.019174844,classical
train,2004/MIDI-Unprocessed_SMF_17_R1_2004_01-02_ORIG_MID--AUDIO_20_R2_2004_02_Track02_wav.midi,311.725576133,classical
test,2011/MIDI-Unprocessed_11_R1_2011_MID--AUDIO_R1-D4_07_Track07_wav.midi,297.515728125,baroque
train,2017/MIDI-Unprocessed_067_PIANO067_MID--AUDIO-split_07-07-17_Piano-e_3-03_wav--1.midi,309.229254,baroque
train,2011/MIDI-Unprocessed_06_R1_2011_MID--AUDIO_R1-D2_14_Track14_wav.midi,241.37796375,baroque
train,2013/ORIG-MIDI_03_7_6_13_Group__MID--AUDIO_09_R1_2013_wav--1.midi,220.773016406,baroque
train,2017/MIDI-Unprocessed_062_PIANO062_MID--AUDIO-split_07-07-17_Piano-e_2-07_wav--2.midi,215.636763887,baroque
train,2015/MIDI-Unprocessed_R1_D2-13-20_mid--AUDIO-from_mp3_17_R1_2015_wav--1.midi,233.179166667,baroque
train,2014/MIDI-UNPROCESSED_16-18_R1_2014_MID--AUDIO_16_R1_2014_wav--1.midi,239.887580625,baroque
train,2015/MIDI-Unprocessed_R1_D2-13-20_mid--AUDIO-from_mp3_20_R1_2015_wav--1.midi,258.54375,baroque
train,2011/MIDI-Unprocessed_24_R1_2011_MID--AUDIO_R1-D9_08_Track08_wav.midi,202.549209844,baroque
train,2013/ORIG-MIDI_01_7_7_13_Group__MID--AUDIO_13_R1_2013_wav--1.midi,208.537451719,baroque
train,2018/MIDI-Unprocessed_Recital17-19_MID--AUDIO_17_R1_2018_wav--1.midi,313.288949531,baroque
test,2017/MIDI-Unprocessed_053_PIANO053_MID--AUDIO-split_07-06-17_Piano-e_3-04_wav--1.midi,208.622909367,baroque
train,2011/MIDI-Unprocessed_01_R1_2011_MID--AUDIO_R1-D1_03_Track03_wav.midi,171.830757656,baroque
test,2008/MIDI-Unprocessed_14_R1_2008_01-05_ORIG_MID--AUDIO_14_R1_2008_wav--1.midi,230.445816562,baroque
train,2017/MIDI-Unprocessed_051_PIANO051_MID--AUDIO-split_07-06-17_Piano-e_3-02_wav--1.midi,150.834730992,baroque
train,2015/MIDI-Unprocessed_R1_D1-1-8_mid--AUDIO-from_mp3_04_R1_2015_wav--1.midi,159.4875,baroque
test,2015/MIDI-Unprocessed_R1_D1-9-12_mid--AUDIO-from_mp3_11_R1_2015_wav--2.midi,201.866666667,baroque
train,2008/MIDI-Unprocessed_18_R1_2008_01-04_ORIG_MID--AUDIO_18_R1_2008_wav--1.midi,215.842465781,baroque
train,2017/MIDI-Unprocessed_057_PIANO057_MID--AUDIO-split_07-07-17_Piano-e_1-07_wav--1.midi,223.305529729,baroque
train,2017/MIDI-Unprocessed_060_PIANO060_MID--AUDIO-split_07-07-17_Piano-e_2-04_wav--1.midi,137.286720454,baroque
train,2013/ORIG-MIDI_02_7_7_13_Group__MID--AUDIO_16_R1_2013_wav--1.midi,182.581281094,baroque
train,2014/MIDI-UNPROCESSED_19-20_R1_2014_MID--AUDIO_19_R1_2014_wav--1.midi,601.358907187,baroque
train,2015/MIDI-Unprocessed_R1_D1-1-8_mid--AUDIO-from_mp3_01_R1_2015_wav--1.midi,365.110416667,baroque
validation,2004/MIDI-Unprocessed_XP_14_R1_2004_01-03_ORIG_MID--AUDIO_14_R1_2004_03_Track03_wav.midi,1064.85903814,romantic
train,2006/MIDI-Unprocessed_02_R1_2006_01-04_ORIG_MID--AUDIO_02_R1_2006_02_Track02_wav.midi,1357.78443281,romantic
train,2014/MIDI-UNPROCESSED_01-03_R1_2014_MID--AUDIO_01_R1_2014_wav--3.midi,1278.59914875,romantic
train,2008/MIDI-Unprocessed_11_R1_2008_01-04_ORIG_MID--AUDIO_11_R1_2008_wav--3.midi,322.240596563,post-romantic
train,2017/MIDI-Unprocessed_054_PIANO054_MID--AUDIO-split_07-07-17_Piano-e_1-02_wav--4.midi,611.940377546,classical
validation,2015/MIDI-Unprocessed_R1_D2-13-20_mid--AUDIO-from_mp3_14_R1_2015_wav--3.midi,551.766666667,romantic
train,2013/ORIG-MIDI_03_7_10_13_Group_MID--AUDIO_17_R3_2013_wav--3.midi,1335.99759563,romantic
test,2009/MIDI-Unprocessed_15_R1_2009_01-02_ORIG_MID--AUDIO_15_R1_2009_15_R1_2009_02_WAV.midi,1445.39919563,romantic
validation,2006/MIDI-Unprocessed_19_R1_2006_01-07_ORIG_MID--AUDIO_19_R1_2006_03_Track03_wav.midi,1673.36504672,romantic
validation,2009/MIDI-Unprocessed_09_R1_2009_05-06_ORIG_MID--AUDIO_09_R1_2009_09_R1_2009_05_WAV.midi,1577.25002531,romantic
train,2009/MIDI-Unprocessed_18_R1_2009_04_ORIG_MID--AUDIO_18_R1_2009_18_R1_2009_04_WAV.midi,1998.331335,romantic
train,2006/MIDI-Unprocessed_12_R1_2006_01-08_ORIG_MID--AUDIO_12_R1_2006_01_Track01_wav.midi,2008.69323703,modern
train,2004/MIDI-Unprocessed_SMF_07_R1_2004_01_ORIG_MID--AUDIO_07_R1_2004_06_Track06_wav.midi,662.274755685,romantic
train,2014/MIDI-UNPROCESSED_11-13_R1_2014_MID--AUDIO_11_R1_2014_wav--3.midi,1476.86016844,romantic
train,2018/MIDI-Unprocessed_Recital5-7_MID--AUDIO_05_R1_2018_wav--2.midi,1556.83337906,romantic
train,2015/MIDI-Unprocessed_R2_D2-19-21-22_mid--AUDIO-from_mp3_21_R2_2015_wav--3.midi,636.198958333,romantic
train,2013/ORIG-MIDI_01_7_8_13_Group__MID--AUDIO_07_R2_2013_wav--1.midi,678.292590937,romantic
train,2004/MIDI-Unprocessed_XP_04_R1_2004_01-02_ORIG_MID--AUDIO_04_R1_2004_01_Track01_wav.midi,1479.74136125,post-romantic
train,2004/MIDI-Unprocessed_SMF_13_01_2004_01-05_ORIG_MID--AUDIO_13_R1_2004_10_Track10_wav.midi,136.290196233,baroque
test,2008/MIDI-Unprocessed_12_R1_2008_01-04_ORIG_MID--AUDIO_12_R1_2008_wav--1.midi,300.520532812,romantic
train,2018/MIDI-Unprocessed_Recital8_MID--AUDIO_08_R1_2018_wav--1.midi,809.594542969,classical
test,2004/MIDI-Unprocessed_XP_19_R1_2004_01-02_ORIG_MID--AUDIO_19_R1_2004_02_Track02_wav.midi,272.176547504,romantic
train,2018/MIDI-Unprocessed_Recital5-7_MID--AUDIO_07_R1_2018_wav--1.midi,945.389011875,classical
train,2018/MIDI-Unprocessed_Recital9-11_MID--AUDIO_10_R1_2018_wav--1.midi,855.393108281,modern
train,2018/MIDI-Unprocessed_Recital13-15_MID--AUDIO_14_R1_2018_wav--4.midi,837.561929531,romantic
validation,2004/MIDI-Unprocessed_SMF_13_01_2004_01-05_ORIG_MID--AUDIO_13_R1_2004_05_Track05_wav.midi,1402.55462314,classical
validation,2018/MIDI-Unprocessed_Chamber6_MID--AUDIO_20_R3_2018_wav--1.midi,524.024582813,romantic
validation,2004/MIDI-Unprocessed_XP_10_R1_2004_01-02_ORIG_MID--AUDIO_10_R1_2004_02_Track02_wav.midi,1314.69697633,romantic
train,2014/MIDI-UNPROCESSED_14-15_R1_2014_MID--AUDIO_15_R1_2014_wav--1.midi,527.932164375,romantic
test,2018/MIDI-Unprocessed_Recital13-15_MID--AUDIO_14_R1_2018_wav--3.midi,359.744565469,romantic
test,2011/MIDI-Unprocessed_09_R1_2011_MID--AUDIO_R1-D3_13_Track13_wav.midi,278.940693281,romantic
validation,2015/MIDI-Unprocessed_R1_D2-13-20_mid--AUDIO-from_mp3_13_R1_2015_wav--2.midi,318.44375,romantic
validation,2014/MIDI-UNPROCESSED_16-18_R1_2014_MID--AUDIO_16_R1_2014_wav--2.midi,1320.41401078,romantic
test,2017/MIDI-Unprocessed_044_PIANO044_MID--AUDIO-split_07-06-17_Piano-e_1-04_wav--2.midi,454.737088017,romantic
test,2017/MIDI-Unprocessed_049_PIANO049_MID--AUDIO-split_07-06-17_Piano-e_2-06_wav--2.midi,306.104269312,romantic
test,2008/MIDI-Unprocessed_05_R1_2008_01-04_ORIG_MID--AUDIO_05_R1_2008_wav--2.midi,283.811147812,romantic
test,2008/MIDI-Unprocessed_17_R1_2008_01-04_ORIG_MID--AUDIO_17_R1_2008_wav--2.midi,277.578515156,romantic
test,2015/MIDI-Unprocessed_R1_D1-1-8_mid--AUDIO-from_mp3_06_R1_2015_wav--2.midi,876.420833333,romantic
train,2011/MIDI-Unprocessed_19_R1_2011_MID--AUDIO_R1-D7_13_Track13_wav.midi,451.611460781,romantic
train,2011/MIDI-Unprocessed_15_R1_2011_MID--AUDIO_R1-D6_08_Track08_wav.midi,360.045045937,romantic
train,2013/ORIG-MIDI_02_7_6_13_Group__MID--AUDIO_08_R1_2013_wav--2.midi,340.150567969,romantic
train,2017/MIDI-Unprocessed_057_PIANO057_MID--AUDIO-split_07-07-17_Piano-e_1-07_wav--2.midi,384.556876346,romantic
train,2009/MIDI-Unprocessed_11_R1_2009_01-05_ORIG_MID--AUDIO_11_R1_2009_11_R1_2009_01_WAV.midi,1344.34026891,romantic
train,2018/MIDI-Unprocessed_Recital17-19_MID--AUDIO_18_R1_2018_wav--1.midi,1306.74014625,romantic
train,2011/MIDI-Unprocessed_18_R1_2011_MID--AUDIO_R1-D7_08_Track08_wav.midi,489.6789975,romantic
train,2013/ORIG-MIDI_01_7_6_13_Group__MID--AUDIO_03_R1_2013_wav--2.midi,534.701655469,romantic
train,2008/MIDI-Unprocessed_15_R1_2008_01-04_ORIG_MID--AUDIO_15_R1_2008_wav--2.midi,481.751655,romantic
train,2015/MIDI-Unprocessed_R1_D1-1-8_mid--AUDIO-from_mp3_08_R1_2015_wav--2.midi,504.610416667,romantic
train,2013/ORIG-MIDI_02_7_6_13_Group__MID--AUDIO_05_R1_2013_wav--2.midi,506.996020781,romantic
train,2014/MIDI-UNPROCESSED_01-03_R1_2014_MID--AUDIO_03_R1_2014_wav--3.midi,470.289326719,romantic
train,2017/MIDI-Unprocessed_062_PIANO062_MID--AUDIO-split_07-07-17_Piano-e_2-07_wav--1.midi,488.333077242,romantic
train,2008/MIDI-Unprocessed_03_R1_2008_01-04_ORIG_MID--AUDIO_03_R1_2008_wav--2.midi,593.318049844,romantic
train,2015/MIDI-Unprocessed_R1_D1-9-12_mid--AUDIO-from_mp3_10_R1_2015_wav--3.midi,1251.28854167,romantic
train,2011/MIDI-Unprocessed_25_R1_2011_MID--AUDIO_R1-D9_15_Track15_wav.midi,564.872565469,romantic
train,2011/MIDI-Unprocessed_21_R1_2011_MID--AUDIO_R1-D8_08_Track08_wav.midi,568.347455156,romantic
train,2017/MIDI-Unprocessed_045_PIANO045_MID--AUDIO-split_07-06-17_Piano-e_2-01_wav--2.midi,515.413072754,romantic
train,2008/MIDI-Unprocessed_11_R1_2008_01-04_ORIG_MID--AUDIO_11_R1_2008_wav--2.midi,602.757142969,romantic
train,2011/MIDI-Unprocessed_24_R1_2011_MID--AUDIO_R1-D9_09_Track09_wav.midi,397.693245469,romantic
train,2004/MIDI-Unprocessed_XP_09_R1_2004_01-02_ORIG_MID--AUDIO_09_R1_2004_03_Track03_wav.midi,453.392893256,romantic
validation,2018/MIDI-Unprocessed_Recital4_MID--AUDIO_04_R1_2018_wav--3.midi,760.2770175,romantic
validation,2008/MIDI-Unprocessed_07_R1_2008_01-04_ORIG_MID--AUDIO_07_R1_2008_wav--2.midi,308.53601625,romantic
train,2014/MIDI-UNPROCESSED_16-18_R1_2014_MID--AUDIO_18_R1_2014_wav--2.midi,1098.92518313,romantic
validation,2018/MIDI-Unprocessed_Recital1-3_MID--AUDIO_02_R1_2018_wav--1.midi,2457.80737125,romantic
test,2008/MIDI-Unprocessed_10_R1_2008_01-04_ORIG_MID--AUDIO_10_R1_2008_wav--2.midi,430.0636725,romantic
test,2015/MIDI-Unprocessed_R1_D1-1-8_mid--AUDIO-from_mp3_05_R1_2015_wav--3.midi,445.68125,classical
test,2015/MIDI-Unprocessed_R1_D1-9-12_mid--AUDIO-from_mp3_09_R1_2015_wav--2.midi,894.40625,classical
test,2017/MIDI-Unprocessed_065_PIANO065_MID--AUDIO-split_07-07-17_Piano-e_3-01_wav--2.midi,450.154845513,classical
train,2018/MIDI-Unprocessed_Recital13-15_MID--AUDIO_14_R1_2018_wav--2.midi,1176.40240266,romantic
train,2018/MIDI-Unprocessed_Recital17-19_MID--AUDIO_19_R1_2018_wav--2.midi,1022.54438344,romantic
train,2014/MIDI-UNPROCESSED_06-08_R1_2014_MID--AUDIO_06_R1_2014_wav--3.midi,1137.43743094,romantic
train,2018/MIDI-Unprocessed_Recital9-11_MID--AUDIO_10_R1_2018_wav--2.midi,1060.72142859,romantic
train,2014/MIDI-UNPROCESSED_01-03_R1_2014_MID--AUDIO_02_R1_2014_wav--2.midi,1063.92121172,romantic
train,2011/MIDI-Unprocessed_14_R1_2011_MID--AUDIO_R1-D6_03_Track03_wav.midi,397.215147656,romantic
train,2009/MIDI-Unprocessed_06_R1_2009_01-02_ORIG_MID--AUDIO_06_R1_2009_06_R1_2009_02_WAV.midi,1603.11404859,romantic
train,2014/MIDI-UNPROCESSED_19-20_R1_2014_MID--AUDIO_19_R1_2014_wav--2.midi,1585.96930078,romantic
train,2018/MIDI-Unprocessed_Recital13-15_MID--AUDIO_15_R1_2018_wav--3.midi,1590.10257656,romantic
test,2011/MIDI-Unprocessed_23_R1_2011_MID--AUDIO_R1-D9_03_Track03_wav.midi,271.508809687,romantic
train,2018/MIDI-Unprocessed_Recital1-3_MID--AUDIO_03_R1_2018_wav--1.midi,1254.06391687,romantic
train,2013/ORIG-MIDI_01_7_7_13_Group__MID--AUDIO_13_R1_2013_wav--2.midi,397.789399219,romantic
train,2011/MIDI-Unprocessed_06_R1_2011_MID--AUDIO_R1-D2_15_Track15_wav.midi,278.132734688,romantic
train,2017/MIDI-Unprocessed_067_PIANO067_MID--AUDIO-split_07-07-17_Piano-e_3-03_wav--2.midi,289.1011475,romantic
test,2009/MIDI-Unprocessed_09_R1_2009_01-04_ORIG_MID--AUDIO_09_R1_2009_09_R1_2009_03_WAV.midi,921.498811406,romantic
train,2006/MIDI-Unprocessed_21_R1_2006_01-04_ORIG_MID--AUDIO_21_R1_2006_02_Track02_wav.midi,1256.10718406,romantic
train,2006/MIDI-Unprocessed_13_R1_2006_01-06_ORIG_MID--AUDIO_13_R1_2006_02_Track02_wav.midi,1075.70805891,romantic
test,2004/MIDI-Unprocessed_XP_15_R1_2004_03_ORIG_MID--AUDIO_15_R1_2004_03_Track03_wav.midi,1118.90161376,romantic
train,2004/MIDI-Unprocessed_XP_15_R1_2004_01-02_ORIG_MID--AUDIO_15_R1_2004_01_Track01_wav.midi,534.516585565,classical
train,2006/MIDI-Unprocessed_05_R1_2006_01-05_ORIG_MID--AUDIO_05_R1_2006_01_Track01_wav.midi,470.609839219,romantic
train,2004/MIDI-Unprocessed_SMF_17_R1_2004_01-03_ORIG_MID--AUDIO_17_R1_2004_03_Track03_wav.midi,563.933165452,romantic
train,2009/MIDI-Unprocessed_21_R1_2009_01-03_ORIG_MID--AUDIO_21_R1_2009_21_R1_2009_01_WAV.midi,1183.00228922,romantic
test,2013/ORIG-MIDI_02_7_7_13_Group__MID--AUDIO_16_R1_2013_wav--2.midi,422.9696625,romantic
train,2004/MIDI-Unprocessed_SMF_22_R1_2004_01-04_ORIG_MID--AUDIO_22_R1_2004_10_Track10_wav.midi,804.745489242,romantic
train,2018/MIDI-Unprocessed_Recital5-7_MID--AUDIO_06_R1_2018_wav--2.midi,1451.39945672,romantic
train,2004/MIDI-Unprocessed_XP_21_R1_2004_02_ORIG_MID--AUDIO_21_R1_2004_03_Track03_wav.midi,781.777608279,romantic
train,2018/MIDI-Unprocessed_Recital5-7_MID--AUDIO_05_R1_2018_wav--1.midi,1114.77319078,romantic
test,2009/MIDI-Unprocessed_17_R1_2009_01-03_ORIG_MID--AUDIO_17_R1_2009_17_R1_2009_01_WAV.midi,753.739897969,romantic
train,2015/MIDI-Unprocessed_R2_D2-19-21-22_mid--AUDIO-from_mp3_19_R2_2015_wav--2.midi,649.673958333,romantic
train,2017/MIDI-Unprocessed_082_PIANO082_MID--AUDIO-split_07-09-17_Piano-e_2_-04_wav--1.midi,598.049419971,romantic
train,2013/ORIG-MIDI_02_7_10_13_Group_MID--AUDIO_14_R3_2013_wav--1.midi,590.600370937,romantic
train,2015/MIDI-Unprocessed_R2_D1-2-3-6-7-8-11_mid--AUDIO-from_mp3_11_R2_2015_wav--1.midi,687.135416667,romantic
validation,2004/MIDI-Unprocessed_XP_04_R1_2004_06_ORIG_MID--AUDIO_04_R1_2004_08_Track08_wav.midi,530.857408325,romantic
validation,2006/MIDI-Unprocessed_13_R1_2006_01-06_ORIG_MID--AUDIO_13_R1_2006_05_Track05_wav.midi,491.751645,romantic
train,2006/MIDI-Unprocessed_18_R1_2006_01-05_ORIG_MID--AUDIO_18_R1_2006_05_Track05_wav.midi,2009.46246703,romantic
train,2018/MIDI-Unprocessed_Recital8_MID--AUDIO_08_R1_2018_wav--4.midi,1906.30017703,romantic
train,2009/MIDI-Unprocessed_18_R1_2009_01-03_ORIG_MID--AUDIO_18_R1_2009_18_R1_2009_02_WAV.midi,668.431489688,baroque
train,2011/MIDI-Unprocessed_10_R1_2011_MID--AUDIO_R1-D4_04_Track04_wav.midi,245.819732813,romantic
train,2009/MIDI-Unprocessed_15_R1_2009_01-02_ORIG_MID--AUDIO_15_R1_2009_15_R1_2009_01_WAV.midi,642.479325469,modern
train,2006/MIDI-Unprocessed_15_R1_2006_01-05_ORIG_MID--AUDIO_15_R1_2006_01_Track01_wav.midi,649.095237656,post-romantic
train,2013/ORIG-MIDI_02_7_6_13_Group__MID--AUDIO_07_R1_2013_wav--2.midi,273.190164844,romantic
train,2009/MIDI-Unprocessed_03_R1_2009_03-08_ORIG_MID--AUDIO_03_R1_2009_03_R1_2009_05_WAV.midi,365.333502188,romantic
train,2017/MIDI-Unprocessed_078_PIANO078_MID--AUDIO-split_07-09-17_Piano-e_1-02_wav--3.midi,671.685811287,romantic
train,2014/MIDI-UNPROCESSED_09-10_R1_2014_MID--AUDIO_10_R1_2014_wav--5.midi,609.916590938,romantic
train,2018/MIDI-Unprocessed_Recital13-15_MID--AUDIO_15_R1_2018_wav--2.midi,247.900393125,classical
train,2018/MIDI-Unprocessed_Recital1-3_MID--AUDIO_02_R1_2018_wav--3.midi,441.12135375,post-romantic
train,2006/MIDI-Unprocessed_18_R1_2006_01-05_ORIG_MID--AUDIO_18_R1_2006_03_Track03_wav.midi,513.645319687,romantic
train,2008/MIDI-Unprocessed_17_R2_2008_01-04_ORIG_MID--AUDIO_17_R2_2008_wav--2.midi,474.076716094,romantic
train,2009/MIDI-Unprocessed_13_R1_2009_01-03_ORIG_MID--AUDIO_13_R1_2009_13_R1_2009_01_WAV.midi,499.677652031,romantic
train,2006/MIDI-Unprocessed_24_R1_2006_01-05_ORIG_MID--AUDIO_24_R1_2006_04_Track04_wav.midi,218.688349687,romantic
train,2008/MIDI-Unprocessed_09_R1_2008_01-05_ORIG_MID--AUDIO_09_R1_2008_wav--5.midi,366.701022187,romantic
train,2015/MIDI-Unprocessed_R2_D1-2-3-6-7-8-11_mid--AUDIO-from_mp3_08_R2_2015_wav--3.midi,419.332291667,romantic
train,2011/MIDI-Unprocessed_04_R1_2011_MID--AUDIO_R1-D2_06_Track06_wav.midi,456.623475,romantic
train,2011/MIDI-Unprocessed_08_R1_2011_MID--AUDIO_R1-D3_09_Track09_wav.midi,493.855008281,romantic
validation,2013/ORIG-MIDI_03_7_10_13_Group_MID--AUDIO_15_R3_2013_wav--2.midi,382.695931406,romantic
train,2014/MIDI-UNPROCESSED_01-03_R1_2014_MID--AUDIO_03_R1_2014_wav--6.midi,1286.41030547,romantic
validation,2004/MIDI-Unprocessed_XP_19_R1_2004_01-02_ORIG_MID--AUDIO_19_R1_2004_03_Track03_wav.midi,2097.17864236,romantic
train,2018/MIDI-Unprocessed_Recital17-19_MID--AUDIO_17_R1_2018_wav--4.midi,1894.08063797,romantic
train,2004/MIDI-Unprocessed_XP_08_R1_2004_01-02_ORIG_MID--AUDIO_08_R1_2004_02_Track02_wav.midi,1255.95783337,romantic
train,2018/MIDI-Unprocessed_Recital1-3_MID--AUDIO_03_R1_2018_wav--2.midi,2028.95630437,romantic
test,2014/MIDI-UNPROCESSED_01-03_R1_2014_MID--AUDIO_02_R1_2014_wav--4.midi,638.000163281,romantic
validation,2014/MIDI-UNPROCESSED_19-20_R1_2014_MID--AUDIO_20_R1_2014_wav--2.midi,1634.31861141,romantic
test,2004/MIDI-Unprocessed_XP_11_R1_2004_01-02_ORIG_MID--AUDIO_11_R1_2004_02_Track02_wav.midi,1303.54743657,romantic
train,2006/MIDI-Unprocessed_23_R1_2006_01-05_ORIG_MID--AUDIO_23_R1_2006_04_Track04_wav.midi,1888.42492781,romantic
train,2009/MIDI-Unprocessed_05_R1_2009_03-05_ORIG_MID--AUDIO_05_R1_2009_05_R1_2009_03_WAV.midi,1893.88432406,romantic
test,2011/MIDI-Unprocessed_23_R3_2011_MID--AUDIO_R3-D8_04_Track04_wav.midi,438.614678906,romantic
train,2014/MIDI-UNPROCESSED_04-08-12_R3_2014_MID--AUDIO_08_R3_2014_wav.midi,1913.92303266,romantic
train,2009/MIDI-Unprocessed_13_R1_2009_04_ORIG_MID--AUDIO_13_R1_2009_13_R1_2009_04_WAV.midi,1582.88703891,romantic
validation,2018/MIDI-Unprocessed_Recital4_MID--AUDIO_04_R1_2018_wav--4.midi,976.820604375,romantic
validation,2017/MIDI-Unprocessed_073_PIANO073_MID--AUDIO-split_07-08-17_Piano-e_2-02_wav--4.midi,981.026175854,romantic
train,2006/MIDI-Unprocessed_16_R1_2006_01-04_ORIG_MID--AUDIO_16_R1_2006_03_Track03_wav.midi,1634.54564109,romantic
train,2018/MIDI-Unprocessed_Recital13-15_MID--AUDIO_13_R1_2018_wav--2.midi,1526.65579172,romantic
train,2018/MIDI-Unprocessed_Recital20_MID--AUDIO_20_R1_2018_wav--4.midi,2096.39614078,romantic
train,2015/MIDI-Unprocessed_R2_D2-12-13-15_mid--AUDIO-from_mp3_15_R2_2015_wav--3.midi,1058.59166667,romantic
train,2014/MIDI-UNPROCESSED_21-22_R1_2014_MID--AUDIO_21_R1_2014_wav--8.midi,1634.97165563,romantic
test,2006/MIDI-Unprocessed_06_R1_2006_01-04_ORIG_MID--AUDIO_06_R1_2006_02_Track02_wav.midi,311.429977031,romantic
test,2014/MIDI-UNPROCESSED_19-20_R1_2014_MID--AUDIO_19_R1_2014_wav--8.midi,292.591854844,romantic
test,2004/MIDI-Unprocessed_SMF_02_R1_2004_01-05_ORIG_MID--AUDIO_02_R1_2004_10_Track10_wav.midi,312.655060571,romantic
test,2009/MIDI-Unprocessed_20_R1_2009_01-05_ORIG_MID--AUDIO_20_R1_2009_20_R1_2009_02_WAV.midi,392.351370469,romantic
validation,2011/MIDI-Unprocessed_12_R2_2011_MID--AUDIO_R2-D4_02_Track02_wav.midi,376.323074531,romantic
validation,2013/ORIG-MIDI_01_7_6_13_Group__MID--AUDIO_01_R1_2013_wav--3.midi,302.103063281,romantic
test,2018/MIDI-Unprocessed_Recital17-19_MID--AUDIO_17_R1_2018_wav--2.midi,291.913436719,modern
test,2008/MIDI-Unprocessed_08_R1_2008_01-05_ORIG_MID--AUDIO_08_R1_2008_wav--3.midi,164.620561875,romantic
validation,2008/MIDI-Unprocessed_09_R1_2008_01-05_ORIG_MID--AUDIO_09_R1_2008_wav--4.midi,153.79258125,post-romantic
validation,2017/MIDI-Unprocessed_049_PIANO049_MID--AUDIO-split_07-06-17_Piano-e_2-06_wav--4.midi,161.913736533,romantic
test,2014/MIDI-UNPROCESSED_04-05_R1_2014_MID--AUDIO_04_R1_2014_wav--5.midi,197.370262031,romantic
test,2015/MIDI-Unprocessed_R1_D2-13-20_mid--AUDIO-from_mp3_17_R1_2015_wav--3.midi,280.047916667,romantic
validation,2011/MIDI-Unprocessed_23_R1_2011_MID--AUDIO_R1-D9_05_Track05_wav.midi,154.993167656,romantic
test,2013/ORIG-MIDI_01_7_6_13_Group__MID--AUDIO_04_R1_2013_wav--3.midi,262.041671719,modern
test,2008/MIDI-Unprocessed_05_R1_2008_01-04_ORIG_MID--AUDIO_05_R1_2008_wav--4.midi,273.573444375,romantic
validation,2008/MIDI-Unprocessed_12_R1_2008_01-04_ORIG_MID--AUDIO_12_R1_2008_wav--3.midi,158.788569844,romantic
validation,2004/MIDI-Unprocessed_SMF_02_R1_2004_01-05_ORIG_MID--AUDIO_02_R1_2004_06_Track06_wav.midi,267.438313619,romantic
test,2004/MIDI-Unprocessed_SMF_02_R1_2004_01-05_ORIG_MID--AUDIO_02_R1_2004_08_Track08_wav.midi,190.852001088,romantic
test,2006/MIDI-Unprocessed_12_R1_2006_01-08_ORIG_MID--AUDIO_12_R1_2006_07_Track07_wav.midi,204.878267344,romantic
validation,2018/MIDI-Unprocessed_Recital5-7_MID--AUDIO_05_R1_2018_wav--3.midi,1355.37791813,romantic
validation,2004/MIDI-Unprocessed_SMF_16_R1_2004_01-08_ORIG_MID--AUDIO_16_R1_2004_04_Track04_wav.midi,217.924570796,romantic
validation,2006/MIDI-Unprocessed_12_R1_2006_01-08_ORIG_MID--AUDIO_12_R1_2006_03_Track03_wav.midi,138.394626563,romantic
train,2017/MIDI-Unprocessed_060_PIANO060_MID--AUDIO-split_07-07-17_Piano-e_2-04_wav--2.midi,164.292998379,romantic
train,2018/MIDI-Unprocessed_Recital1-3_MID--AUDIO_03_R1_2018_wav--4.midi,256.500811875,romantic
train,2018/MIDI-Unprocessed_Recital1-3_MID--AUDIO_03_R1_2018_wav--5.midi,164.338777969,romantic
train,2013/ORIG-MIDI_01_7_6_13_Group__MID--AUDIO_02_R1_2013_wav--4.midi,207.710796563,modern
train,2006/MIDI-Unprocessed_22_R1_2006_01-04_ORIG_MID--AUDIO_22_R1_2006_04_Track04_wav.midi,1750.78350563,romantic
train,2011/MIDI-Unprocessed_17_R3_2011_MID--AUDIO_R3-D6_08_Track08_wav.midi,276.942832031,romantic
validation,2006/MIDI-Unprocessed_12_R1_2006_01-08_ORIG_MID--AUDIO_12_R1_2006_04_Track04_wav.midi,199.615185,romantic
validation,2004/MIDI-Unprocessed_SMF_13_01_2004_01-05_ORIG_MID--AUDIO_13_R1_2004_12_Track12_wav.midi,243.356119704,romantic
train,2015/MIDI-Unprocessed_R1_D1-9-12_mid--AUDIO-from_mp3_11_R1_2015_wav--4.midi,264.132291667,romantic
test,2008/MIDI-Unprocessed_12_R3_2008_01-04_ORIG_MID--AUDIO_12_R3_2008_wav--3.midi,167.493155156,romantic
train,2004/MIDI-Unprocessed_XP_08_R1_2004_04-06_ORIG_MID--AUDIO_08_R1_2004_04_Track04_wav.midi,168.511255027,romantic
validation,2018/MIDI-Unprocessed_Recital17-19_MID--AUDIO_19_R1_2018_wav--5.midi,239.852858438,romantic
test,2015/MIDI-Unprocessed_R1_D1-9-12_mid--AUDIO-from_mp3_11_R1_2015_wav--5.midi,109.870833333,romantic
test,2004/MIDI-Unprocessed_XP_08_R1_2004_04-06_ORIG_MID--AUDIO_08_R1_2004_05_Track05_wav--1.midi,287.529574004,romantic
validation,2004/MIDI-Unprocessed_SMF_16_R1_2004_01-08_ORIG_MID--AUDIO_16_R1_2004_02_Track02_wav.midi,231.917050885,romantic
train,2013/ORIG-MIDI_02_7_6_13_Group__MID--AUDIO_05_R1_2013_wav--3.midi,263.720355938,romantic
test,2011/MIDI-Unprocessed_03_R2_2011_MID--AUDIO_R2-D1_06_Track06_wav.midi,127.737585938,romantic
train,2018/MIDI-Unprocessed_Recital17-19_MID--AUDIO_19_R1_2018_wav--6.midi,700.402611563,romantic
train,2011/MIDI-Unprocessed_12_R3_2011_MID--AUDIO_R3-D4_09_Track09_wav.midi,344.883469219,romantic
train,2004/MIDI-Unprocessed_XP_15_R1_2004_04_ORIG_MID--AUDIO_15_R1_2004_04_Track04_wav.midi,1167.49976099,romantic
train,2004/MIDI-Unprocessed_XP_01_R1_2004_04-05_ORIG_MID--AUDIO_01_R1_2004_06_Track06_wav.midi,649.419024379,romantic
train,2009/MIDI-Unprocessed_14_R1_2009_06-08_ORIG_MID--AUDIO_14_R1_2009_14_R1_2009_08_WAV.midi,1387.26089906,romantic
train,2009/MIDI-Unprocessed_08_R1_2009_05-06_ORIG_MID--AUDIO_08_R1_2009_08_R1_2009_06_WAV.midi,1227.78322734,baroque
train,2004/MIDI-Unprocessed_SMF_16_R1_2004_01-08_ORIG_MID--AUDIO_16_R1_2004_08_Track08_wav.midi,1195.73578881,romantic
train,2006/MIDI-Unprocessed_03_R1_2006_01-05_ORIG_MID--AUDIO_03_R1_2006_05_Track05_wav.midi,1040.69473922,romantic
train,2018/MIDI-Unprocessed_Chamber2_MID--AUDIO_09_R3_2018_wav--1.midi,581.409675,classical
test,2011/MIDI-Unprocessed_05_R1_2011_MID--AUDIO_R1-D2_12_Track12_wav.midi,500.815471406,classical
train,2006/MIDI-Unprocessed_24_R1_2006_01-05_ORIG_MID--AUDIO_24_R1_2006_01_Track01_wav.midi,937.038325781,classical
train,2015/MIDI-Unprocessed_R1_D1-1-8_mid--AUDIO-from_mp3_01_R1_2015_wav--3.midi,228.583333333,classical
train,2015/MIDI-Unprocessed_R1_D2-13-20_mid--AUDIO-from_mp3_20_R1_2015_wav--2.midi,257.267708333,classical
validation,2015/MIDI-Unprocessed_R1_D2-13-20_mid--AUDIO-from_mp3_18_R1_2015_wav--3.midi,598.585416667,classical
train,2018/MIDI-Unprocessed_Recital13-15_MID--AUDIO_13_R1_2018_wav--1.midi,1070.4476475,classical
train,2013/ORIG-MIDI_01_7_7_13_Group__MID--AUDIO_11_R1_2013_wav--2.midi,239.547036094,classical
train,2018/MIDI-Unprocessed_Recital12_MID--AUDIO_12_R1_2018_wav--1.midi,803.47141875,classical
train,2008/MIDI-Unprocessed_14_R1_2008_01-05_ORIG_MID--AUDIO_14_R1_2008_wav--2.midi,267.495726094,classical
train,2008/MIDI-Unprocessed_07_R3_2008_01-05_ORIG_MID--AUDIO_07_R3_2008_wav--1.midi,236.252434687,classical
train,2011/MIDI-Unprocessed_03_R1_2011_MID--AUDIO_R1-D1_16_Track16_wav.midi,205.236172969,classical
train,2009/MIDI-Unprocessed_14_R1_2009_06-08_ORIG_MID--AUDIO_14_R1_2009_14_R1_2009_06_WAV.midi,910.278202969,classical
train,2014/MIDI-UNPROCESSED_09-10_R1_2014_MID--AUDIO_09_R1_2014_wav--1.midi,790.820523281,classical
train,2013/ORIG-MIDI_01_7_7_13_Group__MID--AUDIO_12_R1_2013_wav--2.midi,214.958385469,classical
train,2013/ORIG-MIDI_01_7_7_13_Group__MID--AUDIO_12_R1_2013_wav--3.midi,285.3629625,classical
train,2009/MIDI-Unprocessed_05_R1_2009_01-02_ORIG_MID--AUDIO_05_R1_2009_05_R1_2009_01_WAV.midi,792.420414844,classical
validation,2006/MIDI-Unprocessed_16_R1_2006_01-04_ORIG_MID--AUDIO_16_R1_2006_01_Track01_wav.midi,1075.48904203,classical
train,2015/MIDI-Unprocessed_R1_D1-9-12_mid--AUDIO-from_mp3_12_R1_2015_wav--2.midi,832.53125,classical
test,2013/ORIG-MIDI_03_7_6_13_Group__MID--AUDIO_09_R1_2013_wav--3.midi,192.605309531,classical
train,2004/MIDI-Unprocessed_XP_14_R1_2004_04_ORIG_MID--AUDIO_14_R1_2004_06_Track06_wav.midi,114.696242842,classical
validation,2004/MIDI-Unprocessed_SMF_12_01_2004_01-05_ORIG_MID--AUDIO_12_R1_2004_03_Track03_wav--1.midi,1139.19847773,classical
